{"initial_reset_timestamp": 1569677567.060267, "timestamps": [1569677575.1139321], "episode_lengths": [193], "episode_rewards": [193.0], "episode_types": ["t"]}